instance,optimal_value,model,time
0,9181558.30594287,../Results/Hard02/SPO_hard02.presolve_0_Epoch0_130.pth,2hour
1,9300333.055316806,../Results/Hard02/SPO_hard02.presolve_0_Epoch0_130.pth,2hour
2,8258390.682721877,../Results/Hard02/SPO_hard02.presolve_0_Epoch0_130.pth,2hour
3,8642836.252350414,../Results/Hard02/SPO_hard02.presolve_0_Epoch0_130.pth,2hour
4,9146750.762078283,../Results/Hard02/SPO_hard02.presolve_0_Epoch0_130.pth,2hour
5,7815483.906466773,../Results/Hard02/SPO_hard02.presolve_0_Epoch0_130.pth,2hour
6,9328112.759843273,../Results/Hard02/SPO_hard02.presolve_0_Epoch0_130.pth,2hour
7,10335403.648631135,../Results/Hard02/SPO_hard02.presolve_0_Epoch0_130.pth,2hour
8,9303155.36191145,../Results/Hard02/SPO_hard02.presolve_0_Epoch0_130.pth,2hour
9,8540160.388517505,../Results/Hard02/SPO_hard02.presolve_0_Epoch0_130.pth,2hour
10,8559327.205433475,../Results/Hard02/SPO_hard02.presolve_0_Epoch0_130.pth,2hour
11,8052402.689073433,../Results/Hard02/SPO_hard02.presolve_0_Epoch0_130.pth,2hour
12,8607800.011991622,../Results/Hard02/SPO_hard02.presolve_0_Epoch0_130.pth,2hour
13,9219259.877092285,../Results/Hard02/SPO_hard02.presolve_0_Epoch0_130.pth,2hour
14,9974546.817300953,../Results/Hard02/SPO_hard02.presolve_0_Epoch0_130.pth,2hour
15,8771194.65959985,../Results/Hard02/SPO_hard02.presolve_0_Epoch0_130.pth,2hour
16,8102073.129486301,../Results/Hard02/SPO_hard02.presolve_0_Epoch0_130.pth,2hour
17,9131301.682450365,../Results/Hard02/SPO_hard02.presolve_0_Epoch0_130.pth,2hour
18,9334116.391705832,../Results/Hard02/SPO_hard02.presolve_0_Epoch0_130.pth,2hour
19,8680947.211523622,../Results/Hard02/SPO_hard02.presolve_0_Epoch0_130.pth,2hour
20,10499135.054200498,../Results/Hard02/SPO_hard02.presolve_0_Epoch0_130.pth,2hour
21,11279959.787273493,../Results/Hard02/SPO_hard02.presolve_0_Epoch0_130.pth,2hour
22,7804943.583400567,../Results/Hard02/SPO_hard02.presolve_0_Epoch0_130.pth,2hour
23,8179236.014271798,../Results/Hard02/SPO_hard02.presolve_0_Epoch0_130.pth,2hour
24,7735372.847966841,../Results/Hard02/SPO_hard02.presolve_0_Epoch0_130.pth,2hour
25,6828747.153718627,../Results/Hard02/SPO_hard02.presolve_0_Epoch0_130.pth,2hour
26,8122184.551762149,../Results/Hard02/SPO_hard02.presolve_0_Epoch0_130.pth,2hour
27,10307058.315423785,../Results/Hard02/SPO_hard02.presolve_0_Epoch0_130.pth,2hour
28,8631104.20766239,../Results/Hard02/SPO_hard02.presolve_0_Epoch0_130.pth,2hour
29,10034623.574333873,../Results/Hard02/SPO_hard02.presolve_0_Epoch0_130.pth,2hour
30,9192545.243843013,../Results/Hard02/SPO_hard02.presolve_0_Epoch0_130.pth,2hour
31,8401156.573653225,../Results/Hard02/SPO_hard02.presolve_0_Epoch0_130.pth,2hour
32,8462074.339585464,../Results/Hard02/SPO_hard02.presolve_0_Epoch0_130.pth,2hour
33,8271483.997325016,../Results/Hard02/SPO_hard02.presolve_0_Epoch0_130.pth,2hour
34,9370874.497626053,../Results/Hard02/SPO_hard02.presolve_0_Epoch0_130.pth,2hour
35,12394859.984731225,../Results/Hard02/SPO_hard02.presolve_0_Epoch0_130.pth,2hour
36,10164084.481163131,../Results/Hard02/SPO_hard02.presolve_0_Epoch0_130.pth,2hour
37,8421070.539926214,../Results/Hard02/SPO_hard02.presolve_0_Epoch0_130.pth,2hour
38,8062198.140721614,../Results/Hard02/SPO_hard02.presolve_0_Epoch0_130.pth,2hour
39,8891405.681164123,../Results/Hard02/SPO_hard02.presolve_0_Epoch0_130.pth,2hour
40,7793820.786427814,../Results/Hard02/SPO_hard02.presolve_0_Epoch0_130.pth,2hour
41,11031864.79445622,../Results/Hard02/SPO_hard02.presolve_0_Epoch0_130.pth,2hour
42,10279815.84627014,../Results/Hard02/SPO_hard02.presolve_0_Epoch0_130.pth,2hour
43,8641459.878019756,../Results/Hard02/SPO_hard02.presolve_0_Epoch0_130.pth,2hour
44,8112872.72648221,../Results/Hard02/SPO_hard02.presolve_0_Epoch0_130.pth,2hour
45,10185781.89359951,../Results/Hard02/SPO_hard02.presolve_0_Epoch0_130.pth,2hour
46,7348674.402076117,../Results/Hard02/SPO_hard02.presolve_0_Epoch0_130.pth,2hour
47,7798058.506998925,../Results/Hard02/SPO_hard02.presolve_0_Epoch0_130.pth,2hour
48,8169215.367569346,../Results/Hard02/SPO_hard02.presolve_0_Epoch0_130.pth,2hour
49,9187433.458398608,../Results/Hard02/SPO_hard02.presolve_0_Epoch0_130.pth,2hour
50,8558756.948857693,../Results/Hard02/SPO_hard02.presolve_0_Epoch0_130.pth,2hour
51,7959102.974028885,../Results/Hard02/SPO_hard02.presolve_0_Epoch0_130.pth,2hour
52,8560739.474013474,../Results/Hard02/SPO_hard02.presolve_0_Epoch0_130.pth,2hour
53,7933166.436900383,../Results/Hard02/SPO_hard02.presolve_0_Epoch0_130.pth,2hour
54,6913944.938014373,../Results/Hard02/SPO_hard02.presolve_0_Epoch0_130.pth,2hour
55,6579913.823127894,../Results/Hard02/SPO_hard02.presolve_0_Epoch0_130.pth,2hour
56,10056072.526290877,../Results/Hard02/SPO_hard02.presolve_0_Epoch0_130.pth,2hour
57,9108194.940373188,../Results/Hard02/SPO_hard02.presolve_0_Epoch0_130.pth,2hour
58,8501099.177467689,../Results/Hard02/SPO_hard02.presolve_0_Epoch0_130.pth,2hour
59,9531715.945110152,../Results/Hard02/SPO_hard02.presolve_0_Epoch0_130.pth,2hour
60,8176057.155526664,../Results/Hard02/SPO_hard02.presolve_0_Epoch0_130.pth,2hour
61,7653499.683824224,../Results/Hard02/SPO_hard02.presolve_0_Epoch0_130.pth,2hour
62,8794204.28919779,../Results/Hard02/SPO_hard02.presolve_0_Epoch0_130.pth,2hour
63,10091583.659715671,../Results/Hard02/SPO_hard02.presolve_0_Epoch0_130.pth,2hour
64,10922527.150131244,../Results/Hard02/SPO_hard02.presolve_0_Epoch0_130.pth,2hour
65,11132452.344132464,../Results/Hard02/SPO_hard02.presolve_0_Epoch0_130.pth,2hour
66,8518728.934917312,../Results/Hard02/SPO_hard02.presolve_0_Epoch0_130.pth,2hour
67,9486174.199490264,../Results/Hard02/SPO_hard02.presolve_0_Epoch0_130.pth,2hour
68,9055057.331906535,../Results/Hard02/SPO_hard02.presolve_0_Epoch0_130.pth,2hour
69,6572312.105957192,../Results/Hard02/SPO_hard02.presolve_0_Epoch0_130.pth,2hour
70,9306762.4023076,../Results/Hard02/SPO_hard02.presolve_0_Epoch0_130.pth,2hour
71,14187758.05325049,../Results/Hard02/SPO_hard02.presolve_0_Epoch0_130.pth,2hour
72,7210011.881913968,../Results/Hard02/SPO_hard02.presolve_0_Epoch0_130.pth,2hour
73,7252614.396466729,../Results/Hard02/SPO_hard02.presolve_0_Epoch0_130.pth,2hour
74,12324207.724967033,../Results/Hard02/SPO_hard02.presolve_0_Epoch0_130.pth,2hour
75,9733956.849008499,../Results/Hard02/SPO_hard02.presolve_0_Epoch0_130.pth,2hour
76,9274909.413671145,../Results/Hard02/SPO_hard02.presolve_0_Epoch0_130.pth,2hour
77,9232241.057052128,../Results/Hard02/SPO_hard02.presolve_0_Epoch0_130.pth,2hour
78,9643671.403127514,../Results/Hard02/SPO_hard02.presolve_0_Epoch0_130.pth,2hour
79,9734259.494604485,../Results/Hard02/SPO_hard02.presolve_0_Epoch0_130.pth,2hour
80,10201577.767809972,../Results/Hard02/SPO_hard02.presolve_0_Epoch0_130.pth,2hour
81,8369274.365305028,../Results/Hard02/SPO_hard02.presolve_0_Epoch0_130.pth,2hour
82,9305553.393412096,../Results/Hard02/SPO_hard02.presolve_0_Epoch0_130.pth,2hour
83,8532938.309756476,../Results/Hard02/SPO_hard02.presolve_0_Epoch0_130.pth,2hour
84,10676921.310645703,../Results/Hard02/SPO_hard02.presolve_0_Epoch0_130.pth,2hour
85,8987066.987087898,../Results/Hard02/SPO_hard02.presolve_0_Epoch0_130.pth,2hour
86,7999152.213427611,../Results/Hard02/SPO_hard02.presolve_0_Epoch0_130.pth,2hour
87,7575045.704366253,../Results/Hard02/SPO_hard02.presolve_0_Epoch0_130.pth,2hour
88,9788729.043314138,../Results/Hard02/SPO_hard02.presolve_0_Epoch0_130.pth,2hour
89,7794387.349968585,../Results/Hard02/SPO_hard02.presolve_0_Epoch0_130.pth,2hour
90,7497283.991015747,../Results/Hard02/SPO_hard02.presolve_0_Epoch0_130.pth,2hour
91,7915408.468531242,../Results/Hard02/SPO_hard02.presolve_0_Epoch0_130.pth,2hour
92,9394201.596598713,../Results/Hard02/SPO_hard02.presolve_0_Epoch0_130.pth,2hour
93,9624021.386875195,../Results/Hard02/SPO_hard02.presolve_0_Epoch0_130.pth,2hour
94,10077404.107637083,../Results/Hard02/SPO_hard02.presolve_0_Epoch0_130.pth,2hour
95,8973542.081740795,../Results/Hard02/SPO_hard02.presolve_0_Epoch0_130.pth,2hour
96,7811083.1687046075,../Results/Hard02/SPO_hard02.presolve_0_Epoch0_130.pth,2hour
97,9902739.534633989,../Results/Hard02/SPO_hard02.presolve_0_Epoch0_130.pth,2hour
98,12037700.011706281,../Results/Hard02/SPO_hard02.presolve_0_Epoch0_130.pth,2hour
99,8715114.111316409,../Results/Hard02/SPO_hard02.presolve_0_Epoch0_130.pth,2hour
100,9321163.87153397,../Results/Hard02/SPO_hard02.presolve_0_Epoch0_130.pth,2hour
101,12247968.446676485,../Results/Hard02/SPO_hard02.presolve_0_Epoch0_130.pth,2hour
102,7849850.878245228,../Results/Hard02/SPO_hard02.presolve_0_Epoch0_130.pth,2hour
103,9044479.94030972,../Results/Hard02/SPO_hard02.presolve_0_Epoch0_130.pth,2hour
104,7731105.288937361,../Results/Hard02/SPO_hard02.presolve_0_Epoch0_130.pth,2hour
105,9440826.87801365,../Results/Hard02/SPO_hard02.presolve_0_Epoch0_130.pth,2hour
106,7937762.138066815,../Results/Hard02/SPO_hard02.presolve_0_Epoch0_130.pth,2hour
107,7306492.80927312,../Results/Hard02/SPO_hard02.presolve_0_Epoch0_130.pth,2hour
108,8747114.800710853,../Results/Hard02/SPO_hard02.presolve_0_Epoch0_130.pth,2hour
109,9702036.362043042,../Results/Hard02/SPO_hard02.presolve_0_Epoch0_130.pth,2hour
110,7174552.355066929,../Results/Hard02/SPO_hard02.presolve_0_Epoch0_130.pth,2hour
111,4640838.109352315,../Results/Hard02/SPO_hard02.presolve_0_Epoch0_130.pth,2hour
112,8047917.413500368,../Results/Hard02/SPO_hard02.presolve_0_Epoch0_130.pth,2hour
113,7334130.3608180545,../Results/Hard02/SPO_hard02.presolve_0_Epoch0_130.pth,2hour
114,7975795.005152094,../Results/Hard02/SPO_hard02.presolve_0_Epoch0_130.pth,2hour
115,8463851.156299384,../Results/Hard02/SPO_hard02.presolve_0_Epoch0_130.pth,2hour
116,9060757.426056659,../Results/Hard02/SPO_hard02.presolve_0_Epoch0_130.pth,2hour
117,9687128.919987833,../Results/Hard02/SPO_hard02.presolve_0_Epoch0_130.pth,2hour
118,8600653.395299552,../Results/Hard02/SPO_hard02.presolve_0_Epoch0_130.pth,2hour
119,8960231.054361947,../Results/Hard02/SPO_hard02.presolve_0_Epoch0_130.pth,2hour
120,7646656.131153382,../Results/Hard02/SPO_hard02.presolve_0_Epoch0_130.pth,2hour
121,10378267.671032688,../Results/Hard02/SPO_hard02.presolve_0_Epoch0_130.pth,2hour
122,7187383.664636949,../Results/Hard02/SPO_hard02.presolve_0_Epoch0_130.pth,2hour
123,9055029.787286626,../Results/Hard02/SPO_hard02.presolve_0_Epoch0_130.pth,2hour
124,7116224.52545792,../Results/Hard02/SPO_hard02.presolve_0_Epoch0_130.pth,2hour
125,8152309.309828534,../Results/Hard02/SPO_hard02.presolve_0_Epoch0_130.pth,2hour
126,8295044.064779367,../Results/Hard02/SPO_hard02.presolve_0_Epoch0_130.pth,2hour
127,8284207.672843795,../Results/Hard02/SPO_hard02.presolve_0_Epoch0_130.pth,2hour
128,8850577.99780282,../Results/Hard02/SPO_hard02.presolve_0_Epoch0_130.pth,2hour
129,6761423.992837312,../Results/Hard02/SPO_hard02.presolve_0_Epoch0_130.pth,2hour
130,8661872.435618991,../Results/Hard02/SPO_hard02.presolve_0_Epoch0_130.pth,2hour
131,7921205.341066357,../Results/Hard02/SPO_hard02.presolve_0_Epoch0_130.pth,2hour
132,9802382.564044748,../Results/Hard02/SPO_hard02.presolve_0_Epoch0_130.pth,2hour
133,11078205.187098164,../Results/Hard02/SPO_hard02.presolve_0_Epoch0_130.pth,2hour
134,8401318.69013764,../Results/Hard02/SPO_hard02.presolve_0_Epoch0_130.pth,2hour
135,7365967.19238861,../Results/Hard02/SPO_hard02.presolve_0_Epoch0_130.pth,2hour
136,9646604.942385353,../Results/Hard02/SPO_hard02.presolve_0_Epoch0_130.pth,2hour
137,9338588.79005526,../Results/Hard02/SPO_hard02.presolve_0_Epoch0_130.pth,2hour
138,9460407.197372355,../Results/Hard02/SPO_hard02.presolve_0_Epoch0_130.pth,2hour
139,9477228.463759733,../Results/Hard02/SPO_hard02.presolve_0_Epoch0_130.pth,2hour
140,10028857.564798547,../Results/Hard02/SPO_hard02.presolve_0_Epoch0_130.pth,2hour
141,9890586.225711951,../Results/Hard02/SPO_hard02.presolve_0_Epoch0_130.pth,2hour
142,8465545.598981913,../Results/Hard02/SPO_hard02.presolve_0_Epoch0_130.pth,2hour
143,10102057.098729106,../Results/Hard02/SPO_hard02.presolve_0_Epoch0_130.pth,2hour
144,7624807.599900364,../Results/Hard02/SPO_hard02.presolve_0_Epoch0_130.pth,2hour
145,10058829.79263893,../Results/Hard02/SPO_hard02.presolve_0_Epoch0_130.pth,2hour
146,8564210.889348824,../Results/Hard02/SPO_hard02.presolve_0_Epoch0_130.pth,2hour
147,8609920.886898218,../Results/Hard02/SPO_hard02.presolve_0_Epoch0_130.pth,2hour
148,8476826.078232018,../Results/Hard02/SPO_hard02.presolve_0_Epoch0_130.pth,2hour
149,8321874.093424847,../Results/Hard02/SPO_hard02.presolve_0_Epoch0_130.pth,2hour
150,7840419.285823735,../Results/Hard02/SPO_hard02.presolve_0_Epoch0_130.pth,2hour
151,11912660.017606804,../Results/Hard02/SPO_hard02.presolve_0_Epoch0_130.pth,2hour
152,10041745.567659047,../Results/Hard02/SPO_hard02.presolve_0_Epoch0_130.pth,2hour
153,7997532.719055509,../Results/Hard02/SPO_hard02.presolve_0_Epoch0_130.pth,2hour
154,11345355.251573693,../Results/Hard02/SPO_hard02.presolve_0_Epoch0_130.pth,2hour
155,8173323.407803477,../Results/Hard02/SPO_hard02.presolve_0_Epoch0_130.pth,2hour
156,8793485.161437888,../Results/Hard02/SPO_hard02.presolve_0_Epoch0_130.pth,2hour
157,7662142.6202642275,../Results/Hard02/SPO_hard02.presolve_0_Epoch0_130.pth,2hour
158,7582949.989521518,../Results/Hard02/SPO_hard02.presolve_0_Epoch0_130.pth,2hour
159,6695986.270375434,../Results/Hard02/SPO_hard02.presolve_0_Epoch0_130.pth,2hour
160,7188270.536394562,../Results/Hard02/SPO_hard02.presolve_0_Epoch0_130.pth,2hour
161,9606470.614748605,../Results/Hard02/SPO_hard02.presolve_0_Epoch0_130.pth,2hour
162,8909430.362640014,../Results/Hard02/SPO_hard02.presolve_0_Epoch0_130.pth,2hour
163,8877292.562121218,../Results/Hard02/SPO_hard02.presolve_0_Epoch0_130.pth,2hour
164,9567154.085920561,../Results/Hard02/SPO_hard02.presolve_0_Epoch0_130.pth,2hour
165,6998822.1025588475,../Results/Hard02/SPO_hard02.presolve_0_Epoch0_130.pth,2hour
166,6613095.346231331,../Results/Hard02/SPO_hard02.presolve_0_Epoch0_130.pth,2hour
167,6211810.534661013,../Results/Hard02/SPO_hard02.presolve_0_Epoch0_130.pth,2hour
168,6987205.973056083,../Results/Hard02/SPO_hard02.presolve_0_Epoch0_130.pth,2hour
169,6737877.284492575,../Results/Hard02/SPO_hard02.presolve_0_Epoch0_130.pth,2hour
170,9258117.155138714,../Results/Hard02/SPO_hard02.presolve_0_Epoch0_130.pth,2hour
171,7119593.921117393,../Results/Hard02/SPO_hard02.presolve_0_Epoch0_130.pth,2hour
172,6989796.734234921,../Results/Hard02/SPO_hard02.presolve_0_Epoch0_130.pth,2hour
173,9477462.55847695,../Results/Hard02/SPO_hard02.presolve_0_Epoch0_130.pth,2hour
174,8859736.313626895,../Results/Hard02/SPO_hard02.presolve_0_Epoch0_130.pth,2hour
175,10466673.084067918,../Results/Hard02/SPO_hard02.presolve_0_Epoch0_130.pth,2hour
176,7423326.7412775,../Results/Hard02/SPO_hard02.presolve_0_Epoch0_130.pth,2hour
0,9181248.785735618,../Results/Hard02/SPO_hard02.presolve_0_Epoch0_250.pth,4hour
1,9292045.680266801,../Results/Hard02/SPO_hard02.presolve_0_Epoch0_250.pth,4hour
2,8259759.99362144,../Results/Hard02/SPO_hard02.presolve_0_Epoch0_250.pth,4hour
3,8643174.601197762,../Results/Hard02/SPO_hard02.presolve_0_Epoch0_250.pth,4hour
4,9215033.10138416,../Results/Hard02/SPO_hard02.presolve_0_Epoch0_250.pth,4hour
5,7813527.067438418,../Results/Hard02/SPO_hard02.presolve_0_Epoch0_250.pth,4hour
6,9374665.471500387,../Results/Hard02/SPO_hard02.presolve_0_Epoch0_250.pth,4hour
7,10340112.923577242,../Results/Hard02/SPO_hard02.presolve_0_Epoch0_250.pth,4hour
8,9303223.754379978,../Results/Hard02/SPO_hard02.presolve_0_Epoch0_250.pth,4hour
9,8539995.523508847,../Results/Hard02/SPO_hard02.presolve_0_Epoch0_250.pth,4hour
10,8651315.08450298,../Results/Hard02/SPO_hard02.presolve_0_Epoch0_250.pth,4hour
11,8049200.2234360725,../Results/Hard02/SPO_hard02.presolve_0_Epoch0_250.pth,4hour
12,8590950.951820653,../Results/Hard02/SPO_hard02.presolve_0_Epoch0_250.pth,4hour
13,9218841.060982497,../Results/Hard02/SPO_hard02.presolve_0_Epoch0_250.pth,4hour
14,10060935.357256815,../Results/Hard02/SPO_hard02.presolve_0_Epoch0_250.pth,4hour
15,8802977.328818368,../Results/Hard02/SPO_hard02.presolve_0_Epoch0_250.pth,4hour
16,8093847.985622048,../Results/Hard02/SPO_hard02.presolve_0_Epoch0_250.pth,4hour
17,9105485.18102709,../Results/Hard02/SPO_hard02.presolve_0_Epoch0_250.pth,4hour
18,9333164.735331893,../Results/Hard02/SPO_hard02.presolve_0_Epoch0_250.pth,4hour
19,8680266.68952725,../Results/Hard02/SPO_hard02.presolve_0_Epoch0_250.pth,4hour
20,10500976.285359807,../Results/Hard02/SPO_hard02.presolve_0_Epoch0_250.pth,4hour
21,11285859.361560222,../Results/Hard02/SPO_hard02.presolve_0_Epoch0_250.pth,4hour
22,7807936.94181034,../Results/Hard02/SPO_hard02.presolve_0_Epoch0_250.pth,4hour
23,8181188.266261886,../Results/Hard02/SPO_hard02.presolve_0_Epoch0_250.pth,4hour
24,7729816.609806463,../Results/Hard02/SPO_hard02.presolve_0_Epoch0_250.pth,4hour
25,6834355.371782679,../Results/Hard02/SPO_hard02.presolve_0_Epoch0_250.pth,4hour
26,8129367.381863437,../Results/Hard02/SPO_hard02.presolve_0_Epoch0_250.pth,4hour
27,10307119.705607947,../Results/Hard02/SPO_hard02.presolve_0_Epoch0_250.pth,4hour
28,8636904.9264814,../Results/Hard02/SPO_hard02.presolve_0_Epoch0_250.pth,4hour
29,10034637.549072782,../Results/Hard02/SPO_hard02.presolve_0_Epoch0_250.pth,4hour
30,9192445.991199696,../Results/Hard02/SPO_hard02.presolve_0_Epoch0_250.pth,4hour
31,8402421.601521896,../Results/Hard02/SPO_hard02.presolve_0_Epoch0_250.pth,4hour
32,8467282.37986953,../Results/Hard02/SPO_hard02.presolve_0_Epoch0_250.pth,4hour
33,8271707.484803995,../Results/Hard02/SPO_hard02.presolve_0_Epoch0_250.pth,4hour
34,9370747.67144771,../Results/Hard02/SPO_hard02.presolve_0_Epoch0_250.pth,4hour
35,12394859.976160487,../Results/Hard02/SPO_hard02.presolve_0_Epoch0_250.pth,4hour
36,10157777.346547546,../Results/Hard02/SPO_hard02.presolve_0_Epoch0_250.pth,4hour
37,8402262.730340576,../Results/Hard02/SPO_hard02.presolve_0_Epoch0_250.pth,4hour
38,8059369.920455825,../Results/Hard02/SPO_hard02.presolve_0_Epoch0_250.pth,4hour
39,8892334.493379418,../Results/Hard02/SPO_hard02.presolve_0_Epoch0_250.pth,4hour
40,7932202.395489351,../Results/Hard02/SPO_hard02.presolve_0_Epoch0_250.pth,4hour
41,11031864.741273018,../Results/Hard02/SPO_hard02.presolve_0_Epoch0_250.pth,4hour
42,10279126.546091788,../Results/Hard02/SPO_hard02.presolve_0_Epoch0_250.pth,4hour
43,8641480.02966255,../Results/Hard02/SPO_hard02.presolve_0_Epoch0_250.pth,4hour
44,8115880.208950489,../Results/Hard02/SPO_hard02.presolve_0_Epoch0_250.pth,4hour
45,10184836.618480759,../Results/Hard02/SPO_hard02.presolve_0_Epoch0_250.pth,4hour
46,7349951.778526118,../Results/Hard02/SPO_hard02.presolve_0_Epoch0_250.pth,4hour
47,7798071.485971825,../Results/Hard02/SPO_hard02.presolve_0_Epoch0_250.pth,4hour
48,8155698.748058558,../Results/Hard02/SPO_hard02.presolve_0_Epoch0_250.pth,4hour
49,9187455.015145399,../Results/Hard02/SPO_hard02.presolve_0_Epoch0_250.pth,4hour
50,8558574.949695619,../Results/Hard02/SPO_hard02.presolve_0_Epoch0_250.pth,4hour
51,7959102.974028884,../Results/Hard02/SPO_hard02.presolve_0_Epoch0_250.pth,4hour
52,8549677.06739685,../Results/Hard02/SPO_hard02.presolve_0_Epoch0_250.pth,4hour
53,7931908.628163984,../Results/Hard02/SPO_hard02.presolve_0_Epoch0_250.pth,4hour
54,6913512.76612062,../Results/Hard02/SPO_hard02.presolve_0_Epoch0_250.pth,4hour
55,6550529.258665006,../Results/Hard02/SPO_hard02.presolve_0_Epoch0_250.pth,4hour
56,10073575.107014263,../Results/Hard02/SPO_hard02.presolve_0_Epoch0_250.pth,4hour
57,9101948.927882109,../Results/Hard02/SPO_hard02.presolve_0_Epoch0_250.pth,4hour
58,8521697.279069543,../Results/Hard02/SPO_hard02.presolve_0_Epoch0_250.pth,4hour
59,9532685.496130727,../Results/Hard02/SPO_hard02.presolve_0_Epoch0_250.pth,4hour
60,8174656.765804297,../Results/Hard02/SPO_hard02.presolve_0_Epoch0_250.pth,4hour
61,7616716.019136562,../Results/Hard02/SPO_hard02.presolve_0_Epoch0_250.pth,4hour
62,8815384.59417549,../Results/Hard02/SPO_hard02.presolve_0_Epoch0_250.pth,4hour
63,10081579.59943379,../Results/Hard02/SPO_hard02.presolve_0_Epoch0_250.pth,4hour
64,10920861.262921011,../Results/Hard02/SPO_hard02.presolve_0_Epoch0_250.pth,4hour
65,11117475.611834344,../Results/Hard02/SPO_hard02.presolve_0_Epoch0_250.pth,4hour
66,8518621.035555037,../Results/Hard02/SPO_hard02.presolve_0_Epoch0_250.pth,4hour
67,9487990.311164644,../Results/Hard02/SPO_hard02.presolve_0_Epoch0_250.pth,4hour
68,9055210.658535164,../Results/Hard02/SPO_hard02.presolve_0_Epoch0_250.pth,4hour
69,6572087.977402188,../Results/Hard02/SPO_hard02.presolve_0_Epoch0_250.pth,4hour
70,9399645.771815782,../Results/Hard02/SPO_hard02.presolve_0_Epoch0_250.pth,4hour
71,14187888.891863475,../Results/Hard02/SPO_hard02.presolve_0_Epoch0_250.pth,4hour
72,7209909.324593091,../Results/Hard02/SPO_hard02.presolve_0_Epoch0_250.pth,4hour
73,7252413.632453117,../Results/Hard02/SPO_hard02.presolve_0_Epoch0_250.pth,4hour
74,12320705.702006035,../Results/Hard02/SPO_hard02.presolve_0_Epoch0_250.pth,4hour
75,9737328.317457702,../Results/Hard02/SPO_hard02.presolve_0_Epoch0_250.pth,4hour
76,9248535.993952371,../Results/Hard02/SPO_hard02.presolve_0_Epoch0_250.pth,4hour
77,9232162.424549134,../Results/Hard02/SPO_hard02.presolve_0_Epoch0_250.pth,4hour
78,9643969.06570581,../Results/Hard02/SPO_hard02.presolve_0_Epoch0_250.pth,4hour
79,9733037.167277375,../Results/Hard02/SPO_hard02.presolve_0_Epoch0_250.pth,4hour
80,10202778.021316128,../Results/Hard02/SPO_hard02.presolve_0_Epoch0_250.pth,4hour
81,8368967.673031941,../Results/Hard02/SPO_hard02.presolve_0_Epoch0_250.pth,4hour
82,9302311.50063302,../Results/Hard02/SPO_hard02.presolve_0_Epoch0_250.pth,4hour
83,8504374.197614076,../Results/Hard02/SPO_hard02.presolve_0_Epoch0_250.pth,4hour
84,10676822.919793727,../Results/Hard02/SPO_hard02.presolve_0_Epoch0_250.pth,4hour
85,8988285.831536274,../Results/Hard02/SPO_hard02.presolve_0_Epoch0_250.pth,4hour
86,7997509.3629873665,../Results/Hard02/SPO_hard02.presolve_0_Epoch0_250.pth,4hour
87,7575042.937516348,../Results/Hard02/SPO_hard02.presolve_0_Epoch0_250.pth,4hour
88,9799706.043379184,../Results/Hard02/SPO_hard02.presolve_0_Epoch0_250.pth,4hour
89,7774389.013947077,../Results/Hard02/SPO_hard02.presolve_0_Epoch0_250.pth,4hour
90,7492588.4926496,../Results/Hard02/SPO_hard02.presolve_0_Epoch0_250.pth,4hour
91,7909630.034181981,../Results/Hard02/SPO_hard02.presolve_0_Epoch0_250.pth,4hour
92,9394559.121702189,../Results/Hard02/SPO_hard02.presolve_0_Epoch0_250.pth,4hour
93,9636778.416640233,../Results/Hard02/SPO_hard02.presolve_0_Epoch0_250.pth,4hour
94,10077081.622087583,../Results/Hard02/SPO_hard02.presolve_0_Epoch0_250.pth,4hour
95,8979586.66577681,../Results/Hard02/SPO_hard02.presolve_0_Epoch0_250.pth,4hour
96,7812088.550684908,../Results/Hard02/SPO_hard02.presolve_0_Epoch0_250.pth,4hour
97,9951485.00418879,../Results/Hard02/SPO_hard02.presolve_0_Epoch0_250.pth,4hour
98,12037830.500560751,../Results/Hard02/SPO_hard02.presolve_0_Epoch0_250.pth,4hour
99,8709814.135737263,../Results/Hard02/SPO_hard02.presolve_0_Epoch0_250.pth,4hour
100,9328230.562139397,../Results/Hard02/SPO_hard02.presolve_0_Epoch0_250.pth,4hour
101,12240135.982908774,../Results/Hard02/SPO_hard02.presolve_0_Epoch0_250.pth,4hour
102,7853677.340373605,../Results/Hard02/SPO_hard02.presolve_0_Epoch0_250.pth,4hour
103,9054112.267719997,../Results/Hard02/SPO_hard02.presolve_0_Epoch0_250.pth,4hour
104,7731097.838297102,../Results/Hard02/SPO_hard02.presolve_0_Epoch0_250.pth,4hour
105,9428985.144308023,../Results/Hard02/SPO_hard02.presolve_0_Epoch0_250.pth,4hour
106,7936924.226061196,../Results/Hard02/SPO_hard02.presolve_0_Epoch0_250.pth,4hour
107,7306470.998592146,../Results/Hard02/SPO_hard02.presolve_0_Epoch0_250.pth,4hour
108,8747470.595721524,../Results/Hard02/SPO_hard02.presolve_0_Epoch0_250.pth,4hour
109,9699535.102152301,../Results/Hard02/SPO_hard02.presolve_0_Epoch0_250.pth,4hour
110,7208966.679710098,../Results/Hard02/SPO_hard02.presolve_0_Epoch0_250.pth,4hour
111,4640560.640835814,../Results/Hard02/SPO_hard02.presolve_0_Epoch0_250.pth,4hour
112,8053958.731769023,../Results/Hard02/SPO_hard02.presolve_0_Epoch0_250.pth,4hour
113,7334130.361291931,../Results/Hard02/SPO_hard02.presolve_0_Epoch0_250.pth,4hour
114,7981228.360427421,../Results/Hard02/SPO_hard02.presolve_0_Epoch0_250.pth,4hour
115,8465620.193261746,../Results/Hard02/SPO_hard02.presolve_0_Epoch0_250.pth,4hour
116,9161980.749775158,../Results/Hard02/SPO_hard02.presolve_0_Epoch0_250.pth,4hour
117,9701995.257093718,../Results/Hard02/SPO_hard02.presolve_0_Epoch0_250.pth,4hour
118,8602022.52682586,../Results/Hard02/SPO_hard02.presolve_0_Epoch0_250.pth,4hour
119,8959217.708851475,../Results/Hard02/SPO_hard02.presolve_0_Epoch0_250.pth,4hour
120,7646675.591961209,../Results/Hard02/SPO_hard02.presolve_0_Epoch0_250.pth,4hour
121,10563937.182947017,../Results/Hard02/SPO_hard02.presolve_0_Epoch0_250.pth,4hour
122,7188183.784298281,../Results/Hard02/SPO_hard02.presolve_0_Epoch0_250.pth,4hour
123,9054937.379522098,../Results/Hard02/SPO_hard02.presolve_0_Epoch0_250.pth,4hour
124,7116768.675027586,../Results/Hard02/SPO_hard02.presolve_0_Epoch0_250.pth,4hour
125,8148100.435016673,../Results/Hard02/SPO_hard02.presolve_0_Epoch0_250.pth,4hour
126,8296901.895696964,../Results/Hard02/SPO_hard02.presolve_0_Epoch0_250.pth,4hour
127,8284204.117520848,../Results/Hard02/SPO_hard02.presolve_0_Epoch0_250.pth,4hour
128,8822241.342877558,../Results/Hard02/SPO_hard02.presolve_0_Epoch0_250.pth,4hour
129,6761423.9972274145,../Results/Hard02/SPO_hard02.presolve_0_Epoch0_250.pth,4hour
130,8659562.34855633,../Results/Hard02/SPO_hard02.presolve_0_Epoch0_250.pth,4hour
131,7921080.9254787415,../Results/Hard02/SPO_hard02.presolve_0_Epoch0_250.pth,4hour
132,9801255.150860054,../Results/Hard02/SPO_hard02.presolve_0_Epoch0_250.pth,4hour
133,11077668.889225757,../Results/Hard02/SPO_hard02.presolve_0_Epoch0_250.pth,4hour
134,8401354.147326246,../Results/Hard02/SPO_hard02.presolve_0_Epoch0_250.pth,4hour
135,7365347.058999962,../Results/Hard02/SPO_hard02.presolve_0_Epoch0_250.pth,4hour
136,9646783.146367712,../Results/Hard02/SPO_hard02.presolve_0_Epoch0_250.pth,4hour
137,9338229.325623287,../Results/Hard02/SPO_hard02.presolve_0_Epoch0_250.pth,4hour
138,9460416.408582333,../Results/Hard02/SPO_hard02.presolve_0_Epoch0_250.pth,4hour
139,9478378.64572531,../Results/Hard02/SPO_hard02.presolve_0_Epoch0_250.pth,4hour
140,10068633.01443038,../Results/Hard02/SPO_hard02.presolve_0_Epoch0_250.pth,4hour
141,9890845.068373712,../Results/Hard02/SPO_hard02.presolve_0_Epoch0_250.pth,4hour
142,8466101.030050725,../Results/Hard02/SPO_hard02.presolve_0_Epoch0_250.pth,4hour
143,10099115.547296232,../Results/Hard02/SPO_hard02.presolve_0_Epoch0_250.pth,4hour
144,7624811.523674807,../Results/Hard02/SPO_hard02.presolve_0_Epoch0_250.pth,4hour
145,10067757.612743564,../Results/Hard02/SPO_hard02.presolve_0_Epoch0_250.pth,4hour
146,8564249.853652688,../Results/Hard02/SPO_hard02.presolve_0_Epoch0_250.pth,4hour
147,8596928.350458456,../Results/Hard02/SPO_hard02.presolve_0_Epoch0_250.pth,4hour
148,8477504.946319731,../Results/Hard02/SPO_hard02.presolve_0_Epoch0_250.pth,4hour
149,8307023.3341962695,../Results/Hard02/SPO_hard02.presolve_0_Epoch0_250.pth,4hour
150,7844890.819044542,../Results/Hard02/SPO_hard02.presolve_0_Epoch0_250.pth,4hour
151,11911903.22458412,../Results/Hard02/SPO_hard02.presolve_0_Epoch0_250.pth,4hour
152,10043508.741958672,../Results/Hard02/SPO_hard02.presolve_0_Epoch0_250.pth,4hour
153,7997436.7251526825,../Results/Hard02/SPO_hard02.presolve_0_Epoch0_250.pth,4hour
154,11345318.4087921,../Results/Hard02/SPO_hard02.presolve_0_Epoch0_250.pth,4hour
155,8171943.971703772,../Results/Hard02/SPO_hard02.presolve_0_Epoch0_250.pth,4hour
156,8794999.291464105,../Results/Hard02/SPO_hard02.presolve_0_Epoch0_250.pth,4hour
157,7665219.690144872,../Results/Hard02/SPO_hard02.presolve_0_Epoch0_250.pth,4hour
158,7583259.274188051,../Results/Hard02/SPO_hard02.presolve_0_Epoch0_250.pth,4hour
159,6712127.448561008,../Results/Hard02/SPO_hard02.presolve_0_Epoch0_250.pth,4hour
160,7206983.57081487,../Results/Hard02/SPO_hard02.presolve_0_Epoch0_250.pth,4hour
161,9598589.021067815,../Results/Hard02/SPO_hard02.presolve_0_Epoch0_250.pth,4hour
162,8904195.83325377,../Results/Hard02/SPO_hard02.presolve_0_Epoch0_250.pth,4hour
163,8871728.019429531,../Results/Hard02/SPO_hard02.presolve_0_Epoch0_250.pth,4hour
164,9562967.069746068,../Results/Hard02/SPO_hard02.presolve_0_Epoch0_250.pth,4hour
165,7006773.032183969,../Results/Hard02/SPO_hard02.presolve_0_Epoch0_250.pth,4hour
166,6613109.490925981,../Results/Hard02/SPO_hard02.presolve_0_Epoch0_250.pth,4hour
167,6211826.51026211,../Results/Hard02/SPO_hard02.presolve_0_Epoch0_250.pth,4hour
168,6987330.921524346,../Results/Hard02/SPO_hard02.presolve_0_Epoch0_250.pth,4hour
169,6741655.476087324,../Results/Hard02/SPO_hard02.presolve_0_Epoch0_250.pth,4hour
170,9254298.867747884,../Results/Hard02/SPO_hard02.presolve_0_Epoch0_250.pth,4hour
171,7119352.256162616,../Results/Hard02/SPO_hard02.presolve_0_Epoch0_250.pth,4hour
172,6990529.244720222,../Results/Hard02/SPO_hard02.presolve_0_Epoch0_250.pth,4hour
173,9477849.573986309,../Results/Hard02/SPO_hard02.presolve_0_Epoch0_250.pth,4hour
174,8873577.915133158,../Results/Hard02/SPO_hard02.presolve_0_Epoch0_250.pth,4hour
175,10462175.158977205,../Results/Hard02/SPO_hard02.presolve_0_Epoch0_250.pth,4hour
176,7423174.836194777,../Results/Hard02/SPO_hard02.presolve_0_Epoch0_250.pth,4hour
0,9180840.265758768,../Results/Hard02/SPO_hard02.presolve_0_Epoch0_380.pth,6hour
1,9284994.762188977,../Results/Hard02/SPO_hard02.presolve_0_Epoch0_380.pth,6hour
2,8270401.029850874,../Results/Hard02/SPO_hard02.presolve_0_Epoch0_380.pth,6hour
3,8643705.393721882,../Results/Hard02/SPO_hard02.presolve_0_Epoch0_380.pth,6hour
4,9300648.787569782,../Results/Hard02/SPO_hard02.presolve_0_Epoch0_380.pth,6hour
5,7810912.73864891,../Results/Hard02/SPO_hard02.presolve_0_Epoch0_380.pth,6hour
6,9343458.337080654,../Results/Hard02/SPO_hard02.presolve_0_Epoch0_380.pth,6hour
7,10343589.025694896,../Results/Hard02/SPO_hard02.presolve_0_Epoch0_380.pth,6hour
8,9303393.555353463,../Results/Hard02/SPO_hard02.presolve_0_Epoch0_380.pth,6hour
9,8506440.492826017,../Results/Hard02/SPO_hard02.presolve_0_Epoch0_380.pth,6hour
10,8797567.38836513,../Results/Hard02/SPO_hard02.presolve_0_Epoch0_380.pth,6hour
11,8038860.045975993,../Results/Hard02/SPO_hard02.presolve_0_Epoch0_380.pth,6hour
12,8560769.654556364,../Results/Hard02/SPO_hard02.presolve_0_Epoch0_380.pth,6hour
13,9216281.622731097,../Results/Hard02/SPO_hard02.presolve_0_Epoch0_380.pth,6hour
14,10305508.402545556,../Results/Hard02/SPO_hard02.presolve_0_Epoch0_380.pth,6hour
15,8950482.358549891,../Results/Hard02/SPO_hard02.presolve_0_Epoch0_380.pth,6hour
16,8094489.34857599,../Results/Hard02/SPO_hard02.presolve_0_Epoch0_380.pth,6hour
17,9105129.12410443,../Results/Hard02/SPO_hard02.presolve_0_Epoch0_380.pth,6hour
18,9335065.831703179,../Results/Hard02/SPO_hard02.presolve_0_Epoch0_380.pth,6hour
19,8681698.681335228,../Results/Hard02/SPO_hard02.presolve_0_Epoch0_380.pth,6hour
20,10501486.371947955,../Results/Hard02/SPO_hard02.presolve_0_Epoch0_380.pth,6hour
21,11283366.034241242,../Results/Hard02/SPO_hard02.presolve_0_Epoch0_380.pth,6hour
22,7805945.151030339,../Results/Hard02/SPO_hard02.presolve_0_Epoch0_380.pth,6hour
23,8099915.967545514,../Results/Hard02/SPO_hard02.presolve_0_Epoch0_380.pth,6hour
24,7731326.719023023,../Results/Hard02/SPO_hard02.presolve_0_Epoch0_380.pth,6hour
25,6888178.636120004,../Results/Hard02/SPO_hard02.presolve_0_Epoch0_380.pth,6hour
26,8106659.101630932,../Results/Hard02/SPO_hard02.presolve_0_Epoch0_380.pth,6hour
27,10308980.019361274,../Results/Hard02/SPO_hard02.presolve_0_Epoch0_380.pth,6hour
28,8640904.766852824,../Results/Hard02/SPO_hard02.presolve_0_Epoch0_380.pth,6hour
29,10035091.866620392,../Results/Hard02/SPO_hard02.presolve_0_Epoch0_380.pth,6hour
30,9191170.942677943,../Results/Hard02/SPO_hard02.presolve_0_Epoch0_380.pth,6hour
31,8400434.551274985,../Results/Hard02/SPO_hard02.presolve_0_Epoch0_380.pth,6hour
32,8470694.710899467,../Results/Hard02/SPO_hard02.presolve_0_Epoch0_380.pth,6hour
33,8272087.584405533,../Results/Hard02/SPO_hard02.presolve_0_Epoch0_380.pth,6hour
34,9354874.257353827,../Results/Hard02/SPO_hard02.presolve_0_Epoch0_380.pth,6hour
35,12421089.618699368,../Results/Hard02/SPO_hard02.presolve_0_Epoch0_380.pth,6hour
36,10156020.753687428,../Results/Hard02/SPO_hard02.presolve_0_Epoch0_380.pth,6hour
37,8396834.028441664,../Results/Hard02/SPO_hard02.presolve_0_Epoch0_380.pth,6hour
38,8058504.809025523,../Results/Hard02/SPO_hard02.presolve_0_Epoch0_380.pth,6hour
39,8889960.589548068,../Results/Hard02/SPO_hard02.presolve_0_Epoch0_380.pth,6hour
40,7725651.73539255,../Results/Hard02/SPO_hard02.presolve_0_Epoch0_380.pth,6hour
41,11024187.927792173,../Results/Hard02/SPO_hard02.presolve_0_Epoch0_380.pth,6hour
42,10279847.221057124,../Results/Hard02/SPO_hard02.presolve_0_Epoch0_380.pth,6hour
43,8617729.045886863,../Results/Hard02/SPO_hard02.presolve_0_Epoch0_380.pth,6hour
44,7821178.653149948,../Results/Hard02/SPO_hard02.presolve_0_Epoch0_380.pth,6hour
45,10174195.553894332,../Results/Hard02/SPO_hard02.presolve_0_Epoch0_380.pth,6hour
46,7343034.3998275455,../Results/Hard02/SPO_hard02.presolve_0_Epoch0_380.pth,6hour
47,7798474.207456211,../Results/Hard02/SPO_hard02.presolve_0_Epoch0_380.pth,6hour
48,8166933.493249278,../Results/Hard02/SPO_hard02.presolve_0_Epoch0_380.pth,6hour
49,9187127.6143037,../Results/Hard02/SPO_hard02.presolve_0_Epoch0_380.pth,6hour
50,8552278.028981186,../Results/Hard02/SPO_hard02.presolve_0_Epoch0_380.pth,6hour
51,7958069.51752264,../Results/Hard02/SPO_hard02.presolve_0_Epoch0_380.pth,6hour
52,8527416.03664243,../Results/Hard02/SPO_hard02.presolve_0_Epoch0_380.pth,6hour
53,7985544.471624963,../Results/Hard02/SPO_hard02.presolve_0_Epoch0_380.pth,6hour
54,6931507.528969817,../Results/Hard02/SPO_hard02.presolve_0_Epoch0_380.pth,6hour
55,6582059.624141222,../Results/Hard02/SPO_hard02.presolve_0_Epoch0_380.pth,6hour
56,10048243.913056565,../Results/Hard02/SPO_hard02.presolve_0_Epoch0_380.pth,6hour
57,9124859.806011954,../Results/Hard02/SPO_hard02.presolve_0_Epoch0_380.pth,6hour
58,8528071.088531436,../Results/Hard02/SPO_hard02.presolve_0_Epoch0_380.pth,6hour
59,9501654.88998068,../Results/Hard02/SPO_hard02.presolve_0_Epoch0_380.pth,6hour
60,8175564.566861773,../Results/Hard02/SPO_hard02.presolve_0_Epoch0_380.pth,6hour
61,7591775.928555596,../Results/Hard02/SPO_hard02.presolve_0_Epoch0_380.pth,6hour
62,8798550.058408597,../Results/Hard02/SPO_hard02.presolve_0_Epoch0_380.pth,6hour
63,10020074.835272357,../Results/Hard02/SPO_hard02.presolve_0_Epoch0_380.pth,6hour
64,10895570.101420572,../Results/Hard02/SPO_hard02.presolve_0_Epoch0_380.pth,6hour
65,11129720.913060836,../Results/Hard02/SPO_hard02.presolve_0_Epoch0_380.pth,6hour
66,8517553.750283802,../Results/Hard02/SPO_hard02.presolve_0_Epoch0_380.pth,6hour
67,9491515.215681208,../Results/Hard02/SPO_hard02.presolve_0_Epoch0_380.pth,6hour
68,9067891.834402885,../Results/Hard02/SPO_hard02.presolve_0_Epoch0_380.pth,6hour
69,6573007.1972773485,../Results/Hard02/SPO_hard02.presolve_0_Epoch0_380.pth,6hour
70,9246113.616626926,../Results/Hard02/SPO_hard02.presolve_0_Epoch0_380.pth,6hour
71,14190124.234845692,../Results/Hard02/SPO_hard02.presolve_0_Epoch0_380.pth,6hour
72,7205800.39295187,../Results/Hard02/SPO_hard02.presolve_0_Epoch0_380.pth,6hour
73,7240917.896031247,../Results/Hard02/SPO_hard02.presolve_0_Epoch0_380.pth,6hour
74,12329649.368990086,../Results/Hard02/SPO_hard02.presolve_0_Epoch0_380.pth,6hour
75,9731201.115961794,../Results/Hard02/SPO_hard02.presolve_0_Epoch0_380.pth,6hour
76,9246291.785781195,../Results/Hard02/SPO_hard02.presolve_0_Epoch0_380.pth,6hour
77,9232416.62906082,../Results/Hard02/SPO_hard02.presolve_0_Epoch0_380.pth,6hour
78,9641810.855420517,../Results/Hard02/SPO_hard02.presolve_0_Epoch0_380.pth,6hour
79,9732313.63873125,../Results/Hard02/SPO_hard02.presolve_0_Epoch0_380.pth,6hour
80,10293990.098652493,../Results/Hard02/SPO_hard02.presolve_0_Epoch0_380.pth,6hour
81,8368810.778605488,../Results/Hard02/SPO_hard02.presolve_0_Epoch0_380.pth,6hour
82,9333944.701064054,../Results/Hard02/SPO_hard02.presolve_0_Epoch0_380.pth,6hour
83,8460867.115429588,../Results/Hard02/SPO_hard02.presolve_0_Epoch0_380.pth,6hour
84,10668117.68849478,../Results/Hard02/SPO_hard02.presolve_0_Epoch0_380.pth,6hour
85,8983604.355888762,../Results/Hard02/SPO_hard02.presolve_0_Epoch0_380.pth,6hour
86,8014455.600563047,../Results/Hard02/SPO_hard02.presolve_0_Epoch0_380.pth,6hour
87,7570983.885184736,../Results/Hard02/SPO_hard02.presolve_0_Epoch0_380.pth,6hour
88,9764836.367618918,../Results/Hard02/SPO_hard02.presolve_0_Epoch0_380.pth,6hour
89,7762173.2008667635,../Results/Hard02/SPO_hard02.presolve_0_Epoch0_380.pth,6hour
90,7492295.130070922,../Results/Hard02/SPO_hard02.presolve_0_Epoch0_380.pth,6hour
91,7911202.0002529165,../Results/Hard02/SPO_hard02.presolve_0_Epoch0_380.pth,6hour
92,9423125.642792428,../Results/Hard02/SPO_hard02.presolve_0_Epoch0_380.pth,6hour
93,9661114.95914156,../Results/Hard02/SPO_hard02.presolve_0_Epoch0_380.pth,6hour
94,10079044.059722787,../Results/Hard02/SPO_hard02.presolve_0_Epoch0_380.pth,6hour
95,8988071.808798207,../Results/Hard02/SPO_hard02.presolve_0_Epoch0_380.pth,6hour
96,7811148.0982335815,../Results/Hard02/SPO_hard02.presolve_0_Epoch0_380.pth,6hour
97,9977205.750609871,../Results/Hard02/SPO_hard02.presolve_0_Epoch0_380.pth,6hour
98,12039154.962725045,../Results/Hard02/SPO_hard02.presolve_0_Epoch0_380.pth,6hour
99,8703762.093664706,../Results/Hard02/SPO_hard02.presolve_0_Epoch0_380.pth,6hour
100,9330686.349087657,../Results/Hard02/SPO_hard02.presolve_0_Epoch0_380.pth,6hour
101,12204470.999633627,../Results/Hard02/SPO_hard02.presolve_0_Epoch0_380.pth,6hour
102,7865690.729789342,../Results/Hard02/SPO_hard02.presolve_0_Epoch0_380.pth,6hour
103,9114160.156132596,../Results/Hard02/SPO_hard02.presolve_0_Epoch0_380.pth,6hour
104,7730808.259747501,../Results/Hard02/SPO_hard02.presolve_0_Epoch0_380.pth,6hour
105,9421398.315146748,../Results/Hard02/SPO_hard02.presolve_0_Epoch0_380.pth,6hour
106,7940021.936616106,../Results/Hard02/SPO_hard02.presolve_0_Epoch0_380.pth,6hour
107,7294406.307674761,../Results/Hard02/SPO_hard02.presolve_0_Epoch0_380.pth,6hour
108,8628054.15114,../Results/Hard02/SPO_hard02.presolve_0_Epoch0_380.pth,6hour
109,9701619.51395335,../Results/Hard02/SPO_hard02.presolve_0_Epoch0_380.pth,6hour
110,7633649.983831476,../Results/Hard02/SPO_hard02.presolve_0_Epoch0_380.pth,6hour
111,4637557.330168288,../Results/Hard02/SPO_hard02.presolve_0_Epoch0_380.pth,6hour
112,7892773.482684631,../Results/Hard02/SPO_hard02.presolve_0_Epoch0_380.pth,6hour
113,7327187.344439675,../Results/Hard02/SPO_hard02.presolve_0_Epoch0_380.pth,6hour
114,7975549.1411353145,../Results/Hard02/SPO_hard02.presolve_0_Epoch0_380.pth,6hour
115,8446344.600483205,../Results/Hard02/SPO_hard02.presolve_0_Epoch0_380.pth,6hour
116,9145347.376927655,../Results/Hard02/SPO_hard02.presolve_0_Epoch0_380.pth,6hour
117,9633937.781686375,../Results/Hard02/SPO_hard02.presolve_0_Epoch0_380.pth,6hour
118,8601032.484064631,../Results/Hard02/SPO_hard02.presolve_0_Epoch0_380.pth,6hour
119,8952553.568586979,../Results/Hard02/SPO_hard02.presolve_0_Epoch0_380.pth,6hour
120,7656181.498061527,../Results/Hard02/SPO_hard02.presolve_0_Epoch0_380.pth,6hour
121,10477921.332520757,../Results/Hard02/SPO_hard02.presolve_0_Epoch0_380.pth,6hour
122,7180695.549846928,../Results/Hard02/SPO_hard02.presolve_0_Epoch0_380.pth,6hour
123,9054855.11712619,../Results/Hard02/SPO_hard02.presolve_0_Epoch0_380.pth,6hour
124,7116005.107819967,../Results/Hard02/SPO_hard02.presolve_0_Epoch0_380.pth,6hour
125,8144103.218527279,../Results/Hard02/SPO_hard02.presolve_0_Epoch0_380.pth,6hour
126,8302162.244384192,../Results/Hard02/SPO_hard02.presolve_0_Epoch0_380.pth,6hour
127,8244191.277755685,../Results/Hard02/SPO_hard02.presolve_0_Epoch0_380.pth,6hour
128,8862662.922138706,../Results/Hard02/SPO_hard02.presolve_0_Epoch0_380.pth,6hour
129,6761890.245719634,../Results/Hard02/SPO_hard02.presolve_0_Epoch0_380.pth,6hour
130,8655220.735466935,../Results/Hard02/SPO_hard02.presolve_0_Epoch0_380.pth,6hour
131,7920879.898592972,../Results/Hard02/SPO_hard02.presolve_0_Epoch0_380.pth,6hour
132,9803963.406874897,../Results/Hard02/SPO_hard02.presolve_0_Epoch0_380.pth,6hour
133,11045023.860246131,../Results/Hard02/SPO_hard02.presolve_0_Epoch0_380.pth,6hour
134,8403783.81126142,../Results/Hard02/SPO_hard02.presolve_0_Epoch0_380.pth,6hour
135,7355959.7236810615,../Results/Hard02/SPO_hard02.presolve_0_Epoch0_380.pth,6hour
136,9646820.146465536,../Results/Hard02/SPO_hard02.presolve_0_Epoch0_380.pth,6hour
137,9341187.804514112,../Results/Hard02/SPO_hard02.presolve_0_Epoch0_380.pth,6hour
138,9491788.604393922,../Results/Hard02/SPO_hard02.presolve_0_Epoch0_380.pth,6hour
139,9478856.9954934,../Results/Hard02/SPO_hard02.presolve_0_Epoch0_380.pth,6hour
140,10070682.827682178,../Results/Hard02/SPO_hard02.presolve_0_Epoch0_380.pth,6hour
141,9888950.794263685,../Results/Hard02/SPO_hard02.presolve_0_Epoch0_380.pth,6hour
142,8465513.191158947,../Results/Hard02/SPO_hard02.presolve_0_Epoch0_380.pth,6hour
143,10075614.228811745,../Results/Hard02/SPO_hard02.presolve_0_Epoch0_380.pth,6hour
144,7621945.62089285,../Results/Hard02/SPO_hard02.presolve_0_Epoch0_380.pth,6hour
145,10133819.866455762,../Results/Hard02/SPO_hard02.presolve_0_Epoch0_380.pth,6hour
146,8564250.215853151,../Results/Hard02/SPO_hard02.presolve_0_Epoch0_380.pth,6hour
147,8603277.809677284,../Results/Hard02/SPO_hard02.presolve_0_Epoch0_380.pth,6hour
148,8473394.020911437,../Results/Hard02/SPO_hard02.presolve_0_Epoch0_380.pth,6hour
149,8308834.421902786,../Results/Hard02/SPO_hard02.presolve_0_Epoch0_380.pth,6hour
150,7904265.48435544,../Results/Hard02/SPO_hard02.presolve_0_Epoch0_380.pth,6hour
151,11910600.088264916,../Results/Hard02/SPO_hard02.presolve_0_Epoch0_380.pth,6hour
152,10072404.575130636,../Results/Hard02/SPO_hard02.presolve_0_Epoch0_380.pth,6hour
153,7996955.704326699,../Results/Hard02/SPO_hard02.presolve_0_Epoch0_380.pth,6hour
154,11257263.10368275,../Results/Hard02/SPO_hard02.presolve_0_Epoch0_380.pth,6hour
155,8181571.747141569,../Results/Hard02/SPO_hard02.presolve_0_Epoch0_380.pth,6hour
156,8803409.748521645,../Results/Hard02/SPO_hard02.presolve_0_Epoch0_380.pth,6hour
157,7665517.960358413,../Results/Hard02/SPO_hard02.presolve_0_Epoch0_380.pth,6hour
158,7596436.1332192905,../Results/Hard02/SPO_hard02.presolve_0_Epoch0_380.pth,6hour
159,6719404.241419066,../Results/Hard02/SPO_hard02.presolve_0_Epoch0_380.pth,6hour
160,7190326.677434694,../Results/Hard02/SPO_hard02.presolve_0_Epoch0_380.pth,6hour
161,9597467.479632584,../Results/Hard02/SPO_hard02.presolve_0_Epoch0_380.pth,6hour
162,8813216.704237958,../Results/Hard02/SPO_hard02.presolve_0_Epoch0_380.pth,6hour
163,8875792.137175068,../Results/Hard02/SPO_hard02.presolve_0_Epoch0_380.pth,6hour
164,9591078.289218247,../Results/Hard02/SPO_hard02.presolve_0_Epoch0_380.pth,6hour
165,6896094.75313653,../Results/Hard02/SPO_hard02.presolve_0_Epoch0_380.pth,6hour
166,6608768.944262266,../Results/Hard02/SPO_hard02.presolve_0_Epoch0_380.pth,6hour
167,6211241.793320259,../Results/Hard02/SPO_hard02.presolve_0_Epoch0_380.pth,6hour
168,7033782.416182168,../Results/Hard02/SPO_hard02.presolve_0_Epoch0_380.pth,6hour
169,6740864.585164812,../Results/Hard02/SPO_hard02.presolve_0_Epoch0_380.pth,6hour
170,9257382.66686462,../Results/Hard02/SPO_hard02.presolve_0_Epoch0_380.pth,6hour
171,7115776.127004706,../Results/Hard02/SPO_hard02.presolve_0_Epoch0_380.pth,6hour
172,7000904.281956844,../Results/Hard02/SPO_hard02.presolve_0_Epoch0_380.pth,6hour
173,9479095.632333187,../Results/Hard02/SPO_hard02.presolve_0_Epoch0_380.pth,6hour
174,8937333.476316182,../Results/Hard02/SPO_hard02.presolve_0_Epoch0_380.pth,6hour
175,10484931.84023229,../Results/Hard02/SPO_hard02.presolve_0_Epoch0_380.pth,6hour
176,7424554.746213854,../Results/Hard02/SPO_hard02.presolve_0_Epoch0_380.pth,6hour
0,9181198.497286743,../Results/Hard02/SPO_hard02.presolve_0_Epoch0_500.pth,8hour
1,9334466.738157934,../Results/Hard02/SPO_hard02.presolve_0_Epoch0_500.pth,8hour
2,8258148.40045096,../Results/Hard02/SPO_hard02.presolve_0_Epoch0_500.pth,8hour
3,8643256.128854437,../Results/Hard02/SPO_hard02.presolve_0_Epoch0_500.pth,8hour
4,9166917.896375723,../Results/Hard02/SPO_hard02.presolve_0_Epoch0_500.pth,8hour
5,7831777.508531772,../Results/Hard02/SPO_hard02.presolve_0_Epoch0_500.pth,8hour
6,9308201.265159069,../Results/Hard02/SPO_hard02.presolve_0_Epoch0_500.pth,8hour
7,10336308.305606991,../Results/Hard02/SPO_hard02.presolve_0_Epoch0_500.pth,8hour
8,9303203.85041854,../Results/Hard02/SPO_hard02.presolve_0_Epoch0_500.pth,8hour
9,8499275.20471903,../Results/Hard02/SPO_hard02.presolve_0_Epoch0_500.pth,8hour
10,8522647.87254861,../Results/Hard02/SPO_hard02.presolve_0_Epoch0_500.pth,8hour
11,8047768.79002677,../Results/Hard02/SPO_hard02.presolve_0_Epoch0_500.pth,8hour
12,8593754.250127042,../Results/Hard02/SPO_hard02.presolve_0_Epoch0_500.pth,8hour
13,9210277.265740832,../Results/Hard02/SPO_hard02.presolve_0_Epoch0_500.pth,8hour
14,9939496.517238498,../Results/Hard02/SPO_hard02.presolve_0_Epoch0_500.pth,8hour
15,8780747.08762343,../Results/Hard02/SPO_hard02.presolve_0_Epoch0_500.pth,8hour
16,8122194.380363668,../Results/Hard02/SPO_hard02.presolve_0_Epoch0_500.pth,8hour
17,9153831.80159822,../Results/Hard02/SPO_hard02.presolve_0_Epoch0_500.pth,8hour
18,9361203.71477272,../Results/Hard02/SPO_hard02.presolve_0_Epoch0_500.pth,8hour
19,8679570.999588234,../Results/Hard02/SPO_hard02.presolve_0_Epoch0_500.pth,8hour
20,10493405.27082219,../Results/Hard02/SPO_hard02.presolve_0_Epoch0_500.pth,8hour
21,11279805.791988427,../Results/Hard02/SPO_hard02.presolve_0_Epoch0_500.pth,8hour
22,7815343.479145559,../Results/Hard02/SPO_hard02.presolve_0_Epoch0_500.pth,8hour
23,8278519.55464305,../Results/Hard02/SPO_hard02.presolve_0_Epoch0_500.pth,8hour
24,7813916.5070590405,../Results/Hard02/SPO_hard02.presolve_0_Epoch0_500.pth,8hour
25,6873849.338243118,../Results/Hard02/SPO_hard02.presolve_0_Epoch0_500.pth,8hour
26,8126436.864889051,../Results/Hard02/SPO_hard02.presolve_0_Epoch0_500.pth,8hour
27,10310636.91866175,../Results/Hard02/SPO_hard02.presolve_0_Epoch0_500.pth,8hour
28,8630520.053213287,../Results/Hard02/SPO_hard02.presolve_0_Epoch0_500.pth,8hour
29,10036213.022658002,../Results/Hard02/SPO_hard02.presolve_0_Epoch0_500.pth,8hour
30,9192239.975438384,../Results/Hard02/SPO_hard02.presolve_0_Epoch0_500.pth,8hour
31,8413376.848199448,../Results/Hard02/SPO_hard02.presolve_0_Epoch0_500.pth,8hour
32,8463227.664521266,../Results/Hard02/SPO_hard02.presolve_0_Epoch0_500.pth,8hour
33,8266846.866683577,../Results/Hard02/SPO_hard02.presolve_0_Epoch0_500.pth,8hour
34,9383348.168338832,../Results/Hard02/SPO_hard02.presolve_0_Epoch0_500.pth,8hour
35,12396237.217647215,../Results/Hard02/SPO_hard02.presolve_0_Epoch0_500.pth,8hour
36,10165443.615629403,../Results/Hard02/SPO_hard02.presolve_0_Epoch0_500.pth,8hour
37,8503911.839325557,../Results/Hard02/SPO_hard02.presolve_0_Epoch0_500.pth,8hour
38,8062253.028558527,../Results/Hard02/SPO_hard02.presolve_0_Epoch0_500.pth,8hour
39,8895419.707514491,../Results/Hard02/SPO_hard02.presolve_0_Epoch0_500.pth,8hour
40,8552237.757189274,../Results/Hard02/SPO_hard02.presolve_0_Epoch0_500.pth,8hour
41,11046772.98509841,../Results/Hard02/SPO_hard02.presolve_0_Epoch0_500.pth,8hour
42,10280524.082998987,../Results/Hard02/SPO_hard02.presolve_0_Epoch0_500.pth,8hour
43,8759096.896958813,../Results/Hard02/SPO_hard02.presolve_0_Epoch0_500.pth,8hour
44,8248698.817744367,../Results/Hard02/SPO_hard02.presolve_0_Epoch0_500.pth,8hour
45,10192307.413000694,../Results/Hard02/SPO_hard02.presolve_0_Epoch0_500.pth,8hour
46,7376407.9599024905,../Results/Hard02/SPO_hard02.presolve_0_Epoch0_500.pth,8hour
47,7798933.933611372,../Results/Hard02/SPO_hard02.presolve_0_Epoch0_500.pth,8hour
48,8179113.872462455,../Results/Hard02/SPO_hard02.presolve_0_Epoch0_500.pth,8hour
49,9187371.265173305,../Results/Hard02/SPO_hard02.presolve_0_Epoch0_500.pth,8hour
50,8559060.963178217,../Results/Hard02/SPO_hard02.presolve_0_Epoch0_500.pth,8hour
51,7964378.990288234,../Results/Hard02/SPO_hard02.presolve_0_Epoch0_500.pth,8hour
52,8562359.434378898,../Results/Hard02/SPO_hard02.presolve_0_Epoch0_500.pth,8hour
53,7999092.19016918,../Results/Hard02/SPO_hard02.presolve_0_Epoch0_500.pth,8hour
54,6918946.789919036,../Results/Hard02/SPO_hard02.presolve_0_Epoch0_500.pth,8hour
55,6644863.549909017,../Results/Hard02/SPO_hard02.presolve_0_Epoch0_500.pth,8hour
56,10118017.309389805,../Results/Hard02/SPO_hard02.presolve_0_Epoch0_500.pth,8hour
57,9121541.229833137,../Results/Hard02/SPO_hard02.presolve_0_Epoch0_500.pth,8hour
58,8522005.940979538,../Results/Hard02/SPO_hard02.presolve_0_Epoch0_500.pth,8hour
59,9563982.323273942,../Results/Hard02/SPO_hard02.presolve_0_Epoch0_500.pth,8hour
60,8180634.725843547,../Results/Hard02/SPO_hard02.presolve_0_Epoch0_500.pth,8hour
61,7717838.727006678,../Results/Hard02/SPO_hard02.presolve_0_Epoch0_500.pth,8hour
62,8826122.058587918,../Results/Hard02/SPO_hard02.presolve_0_Epoch0_500.pth,8hour
63,10100881.93211371,../Results/Hard02/SPO_hard02.presolve_0_Epoch0_500.pth,8hour
64,10914744.56694039,../Results/Hard02/SPO_hard02.presolve_0_Epoch0_500.pth,8hour
65,11216877.135755483,../Results/Hard02/SPO_hard02.presolve_0_Epoch0_500.pth,8hour
66,8518960.826621426,../Results/Hard02/SPO_hard02.presolve_0_Epoch0_500.pth,8hour
67,9485726.564427983,../Results/Hard02/SPO_hard02.presolve_0_Epoch0_500.pth,8hour
68,9064631.87698844,../Results/Hard02/SPO_hard02.presolve_0_Epoch0_500.pth,8hour
69,6570406.176249215,../Results/Hard02/SPO_hard02.presolve_0_Epoch0_500.pth,8hour
70,9461306.135344392,../Results/Hard02/SPO_hard02.presolve_0_Epoch0_500.pth,8hour
71,14185668.949252538,../Results/Hard02/SPO_hard02.presolve_0_Epoch0_500.pth,8hour
72,7216508.0946013415,../Results/Hard02/SPO_hard02.presolve_0_Epoch0_500.pth,8hour
73,7260382.9285153635,../Results/Hard02/SPO_hard02.presolve_0_Epoch0_500.pth,8hour
74,12329005.652169239,../Results/Hard02/SPO_hard02.presolve_0_Epoch0_500.pth,8hour
75,9778502.01284951,../Results/Hard02/SPO_hard02.presolve_0_Epoch0_500.pth,8hour
76,9298266.196873667,../Results/Hard02/SPO_hard02.presolve_0_Epoch0_500.pth,8hour
77,9228654.091223722,../Results/Hard02/SPO_hard02.presolve_0_Epoch0_500.pth,8hour
78,9632760.896065468,../Results/Hard02/SPO_hard02.presolve_0_Epoch0_500.pth,8hour
79,9734696.214909168,../Results/Hard02/SPO_hard02.presolve_0_Epoch0_500.pth,8hour
80,10202778.02131613,../Results/Hard02/SPO_hard02.presolve_0_Epoch0_500.pth,8hour
81,8371847.388540653,../Results/Hard02/SPO_hard02.presolve_0_Epoch0_500.pth,8hour
82,9299414.06502141,../Results/Hard02/SPO_hard02.presolve_0_Epoch0_500.pth,8hour
83,8543139.491090331,../Results/Hard02/SPO_hard02.presolve_0_Epoch0_500.pth,8hour
84,10721969.677213792,../Results/Hard02/SPO_hard02.presolve_0_Epoch0_500.pth,8hour
85,8990631.49035837,../Results/Hard02/SPO_hard02.presolve_0_Epoch0_500.pth,8hour
86,8008282.532217497,../Results/Hard02/SPO_hard02.presolve_0_Epoch0_500.pth,8hour
87,7575041.052491045,../Results/Hard02/SPO_hard02.presolve_0_Epoch0_500.pth,8hour
88,9813958.065274525,../Results/Hard02/SPO_hard02.presolve_0_Epoch0_500.pth,8hour
89,7878297.626962206,../Results/Hard02/SPO_hard02.presolve_0_Epoch0_500.pth,8hour
90,7508020.491292953,../Results/Hard02/SPO_hard02.presolve_0_Epoch0_500.pth,8hour
91,7921727.298277889,../Results/Hard02/SPO_hard02.presolve_0_Epoch0_500.pth,8hour
92,9420565.277304934,../Results/Hard02/SPO_hard02.presolve_0_Epoch0_500.pth,8hour
93,9659875.631705565,../Results/Hard02/SPO_hard02.presolve_0_Epoch0_500.pth,8hour
94,10081024.027883202,../Results/Hard02/SPO_hard02.presolve_0_Epoch0_500.pth,8hour
95,8942374.649994561,../Results/Hard02/SPO_hard02.presolve_0_Epoch0_500.pth,8hour
96,7814041.649411847,../Results/Hard02/SPO_hard02.presolve_0_Epoch0_500.pth,8hour
97,9903777.39790724,../Results/Hard02/SPO_hard02.presolve_0_Epoch0_500.pth,8hour
98,12040023.219577746,../Results/Hard02/SPO_hard02.presolve_0_Epoch0_500.pth,8hour
99,8720746.318466706,../Results/Hard02/SPO_hard02.presolve_0_Epoch0_500.pth,8hour
100,9328281.153653407,../Results/Hard02/SPO_hard02.presolve_0_Epoch0_500.pth,8hour
101,12277532.182770047,../Results/Hard02/SPO_hard02.presolve_0_Epoch0_500.pth,8hour
102,7852456.70709291,../Results/Hard02/SPO_hard02.presolve_0_Epoch0_500.pth,8hour
103,9020625.27930375,../Results/Hard02/SPO_hard02.presolve_0_Epoch0_500.pth,8hour
104,7730648.307423841,../Results/Hard02/SPO_hard02.presolve_0_Epoch0_500.pth,8hour
105,9462754.811079146,../Results/Hard02/SPO_hard02.presolve_0_Epoch0_500.pth,8hour
106,7939957.621660883,../Results/Hard02/SPO_hard02.presolve_0_Epoch0_500.pth,8hour
107,7307274.99360156,../Results/Hard02/SPO_hard02.presolve_0_Epoch0_500.pth,8hour
108,8751534.005483821,../Results/Hard02/SPO_hard02.presolve_0_Epoch0_500.pth,8hour
109,9701955.611805463,../Results/Hard02/SPO_hard02.presolve_0_Epoch0_500.pth,8hour
110,7115284.709226076,../Results/Hard02/SPO_hard02.presolve_0_Epoch0_500.pth,8hour
111,4641706.931419927,../Results/Hard02/SPO_hard02.presolve_0_Epoch0_500.pth,8hour
112,8054372.728782056,../Results/Hard02/SPO_hard02.presolve_0_Epoch0_500.pth,8hour
113,7334130.369077622,../Results/Hard02/SPO_hard02.presolve_0_Epoch0_500.pth,8hour
114,7956868.827410941,../Results/Hard02/SPO_hard02.presolve_0_Epoch0_500.pth,8hour
115,8488578.702384664,../Results/Hard02/SPO_hard02.presolve_0_Epoch0_500.pth,8hour
116,9157488.74256181,../Results/Hard02/SPO_hard02.presolve_0_Epoch0_500.pth,8hour
117,9706294.832754105,../Results/Hard02/SPO_hard02.presolve_0_Epoch0_500.pth,8hour
118,8598060.191058675,../Results/Hard02/SPO_hard02.presolve_0_Epoch0_500.pth,8hour
119,8979192.053151716,../Results/Hard02/SPO_hard02.presolve_0_Epoch0_500.pth,8hour
120,7646610.450569458,../Results/Hard02/SPO_hard02.presolve_0_Epoch0_500.pth,8hour
121,10327260.994644048,../Results/Hard02/SPO_hard02.presolve_0_Epoch0_500.pth,8hour
122,7206501.007953236,../Results/Hard02/SPO_hard02.presolve_0_Epoch0_500.pth,8hour
123,9055240.17296269,../Results/Hard02/SPO_hard02.presolve_0_Epoch0_500.pth,8hour
124,7116103.264418829,../Results/Hard02/SPO_hard02.presolve_0_Epoch0_500.pth,8hour
125,8207643.585241523,../Results/Hard02/SPO_hard02.presolve_0_Epoch0_500.pth,8hour
126,8303103.792485766,../Results/Hard02/SPO_hard02.presolve_0_Epoch0_500.pth,8hour
127,8297049.365099271,../Results/Hard02/SPO_hard02.presolve_0_Epoch0_500.pth,8hour
128,8956147.951097967,../Results/Hard02/SPO_hard02.presolve_0_Epoch0_500.pth,8hour
129,6761423.988382192,../Results/Hard02/SPO_hard02.presolve_0_Epoch0_500.pth,8hour
130,8668805.355958186,../Results/Hard02/SPO_hard02.presolve_0_Epoch0_500.pth,8hour
131,7921962.595186857,../Results/Hard02/SPO_hard02.presolve_0_Epoch0_500.pth,8hour
132,9818346.637890238,../Results/Hard02/SPO_hard02.presolve_0_Epoch0_500.pth,8hour
133,11078512.855649227,../Results/Hard02/SPO_hard02.presolve_0_Epoch0_500.pth,8hour
134,8407876.213051286,../Results/Hard02/SPO_hard02.presolve_0_Epoch0_500.pth,8hour
135,7365347.047792896,../Results/Hard02/SPO_hard02.presolve_0_Epoch0_500.pth,8hour
136,9646608.009867497,../Results/Hard02/SPO_hard02.presolve_0_Epoch0_500.pth,8hour
137,9332308.841914354,../Results/Hard02/SPO_hard02.presolve_0_Epoch0_500.pth,8hour
138,9459764.91182236,../Results/Hard02/SPO_hard02.presolve_0_Epoch0_500.pth,8hour
139,9477569.70946812,../Results/Hard02/SPO_hard02.presolve_0_Epoch0_500.pth,8hour
140,10028927.1807682,../Results/Hard02/SPO_hard02.presolve_0_Epoch0_500.pth,8hour
141,9899825.905178556,../Results/Hard02/SPO_hard02.presolve_0_Epoch0_500.pth,8hour
142,8493372.33315771,../Results/Hard02/SPO_hard02.presolve_0_Epoch0_500.pth,8hour
143,10107561.187959662,../Results/Hard02/SPO_hard02.presolve_0_Epoch0_500.pth,8hour
144,7624343.853502711,../Results/Hard02/SPO_hard02.presolve_0_Epoch0_500.pth,8hour
145,10137419.808523126,../Results/Hard02/SPO_hard02.presolve_0_Epoch0_500.pth,8hour
146,8563578.69653045,../Results/Hard02/SPO_hard02.presolve_0_Epoch0_500.pth,8hour
147,8597197.554762121,../Results/Hard02/SPO_hard02.presolve_0_Epoch0_500.pth,8hour
148,8470880.619283793,../Results/Hard02/SPO_hard02.presolve_0_Epoch0_500.pth,8hour
149,8279884.430653063,../Results/Hard02/SPO_hard02.presolve_0_Epoch0_500.pth,8hour
150,7863151.394305623,../Results/Hard02/SPO_hard02.presolve_0_Epoch0_500.pth,8hour
151,11910545.346132757,../Results/Hard02/SPO_hard02.presolve_0_Epoch0_500.pth,8hour
152,10048634.270100137,../Results/Hard02/SPO_hard02.presolve_0_Epoch0_500.pth,8hour
153,7997432.411938587,../Results/Hard02/SPO_hard02.presolve_0_Epoch0_500.pth,8hour
154,11416463.901576662,../Results/Hard02/SPO_hard02.presolve_0_Epoch0_500.pth,8hour
155,8189534.747428906,../Results/Hard02/SPO_hard02.presolve_0_Epoch0_500.pth,8hour
156,8798899.129113456,../Results/Hard02/SPO_hard02.presolve_0_Epoch0_500.pth,8hour
157,7675276.686985023,../Results/Hard02/SPO_hard02.presolve_0_Epoch0_500.pth,8hour
158,7581422.474302659,../Results/Hard02/SPO_hard02.presolve_0_Epoch0_500.pth,8hour
159,6734833.523846849,../Results/Hard02/SPO_hard02.presolve_0_Epoch0_500.pth,8hour
160,7221936.8238147935,../Results/Hard02/SPO_hard02.presolve_0_Epoch0_500.pth,8hour
161,9606789.035930831,../Results/Hard02/SPO_hard02.presolve_0_Epoch0_500.pth,8hour
162,8962599.12889426,../Results/Hard02/SPO_hard02.presolve_0_Epoch0_500.pth,8hour
163,8876349.801461877,../Results/Hard02/SPO_hard02.presolve_0_Epoch0_500.pth,8hour
164,9558835.340198517,../Results/Hard02/SPO_hard02.presolve_0_Epoch0_500.pth,8hour
165,6860238.168481192,../Results/Hard02/SPO_hard02.presolve_0_Epoch0_500.pth,8hour
166,6615638.829420489,../Results/Hard02/SPO_hard02.presolve_0_Epoch0_500.pth,8hour
167,6210596.116140007,../Results/Hard02/SPO_hard02.presolve_0_Epoch0_500.pth,8hour
168,6990180.750995055,../Results/Hard02/SPO_hard02.presolve_0_Epoch0_500.pth,8hour
169,6744028.320149829,../Results/Hard02/SPO_hard02.presolve_0_Epoch0_500.pth,8hour
170,9262424.589472776,../Results/Hard02/SPO_hard02.presolve_0_Epoch0_500.pth,8hour
171,7148561.309175338,../Results/Hard02/SPO_hard02.presolve_0_Epoch0_500.pth,8hour
172,6999156.342591375,../Results/Hard02/SPO_hard02.presolve_0_Epoch0_500.pth,8hour
173,9475586.488524836,../Results/Hard02/SPO_hard02.presolve_0_Epoch0_500.pth,8hour
174,8850796.383440522,../Results/Hard02/SPO_hard02.presolve_0_Epoch0_500.pth,8hour
175,10457581.353283767,../Results/Hard02/SPO_hard02.presolve_0_Epoch0_500.pth,8hour
176,7425990.702970812,../Results/Hard02/SPO_hard02.presolve_0_Epoch0_500.pth,8hour
